file_name,WAMPI,PCI,LPI,API,BPI,catalog_number,sampled,museum,UCIAMS_number,taxon,genus,species,locality,ucmp_locality,side,element,collagen_present,batch,publication
UCMP_148855,0.8118702866770796,2.9602743853135958,0.6280701122135024,0.8067577145461337,1.2199540842839196,148855,TRUE,UCMP,NA,Teratornis merriami,Teratornis,merriami,Rancho La Brea,NA,NA,NA,TRUE,0,NA
UCMP_148856,0.8438922552577273,3.125048093959931,0.9589428827541161,0.6890206476444944,0.971718748367709,148856,TRUE,UCMP,NA,Teratornis merriami,Teratornis,merriami,Rancho La Brea,NA,NA,NA,TRUE,0,NA
UCMP_148859,0.9098384787188658,3.036286458409283,0.8870136237772892,0.8931313545666834,1.208900072552282,148859,TRUE,UCMP,NA,Teratornis merriami,Teratornis,merriami,Rancho La Brea,NA,NA,NA,TRUE,0,NA
UCMP_148860,0.6976677256821526,3.282942131019693,0.6600227906322357,0.7314525694711116,1.0598268519359604,148860,TRUE,UCMP,NA,Teratornis merriami,Teratornis,merriami,Rancho La Brea,NA,NA,NA,TRUE,0,NA
UCMP_148873,0.8559926009415418,2.984350872899268,0.8948598163098123,0.7596349790243795,1.0357663535199204,148873,TRUE,UCMP,NA,Teratornis merriami,Teratornis,merriami,Rancho La Brea,NA,NA,NA,TRUE,0,NA
UCMP_148874,0.8148105403175423,3.043660582242377,0.5946586884705866,0.7675491401910368,1.1376843558113914,148874,TRUE,UCMP,NA,Teratornis merriami,Teratornis,merriami,Rancho La Brea,NA,NA,NA,TRUE,0,NA
UCMP_148875,0.8084482012720882,2.915963907079056,0.4823378670685918,0.7829795523906933,1.1652879002048393,148875,TRUE,UCMP,NA,Gymnogyps californianus,Gymnogyps,californianus,Rancho La Brea,NA,NA,NA,TRUE,0,NA
UCMP_148876,1.2437011964141287,2.944222184168625,1.14826517494749,1.0221741220195693,1.3206789472936902,148876,TRUE,UCMP,NA,Gymnogyps californianus,Gymnogyps,californianus,Rancho La Brea,NA,NA,NA,TRUE,0,NA
UCMP_148877,0.6351547768031499,3.011585441030781,0.5741386320834597,0.7000731486983482,0.9748028667028359,148877,TRUE,UCMP,NA,Gymnogyps californianus,Gymnogyps,californianus,Rancho La Brea,NA,NA,NA,TRUE,0,NA
UCMP_148878,0.7667376401732132,2.9675181200792196,0.9069725106322354,0.6438921513001764,1.0070179966785695,148878,TRUE,UCMP,NA,Gymnogyps californianus,Gymnogyps,californianus,Rancho La Brea,NA,NA,NA,TRUE,0,NA
UCMP_148879,0.44088123957577513,3.467031813107105,0.5319336659130783,0.47602843115065163,0.8425708021755391,148879,TRUE,UCMP,NA,Gymnogyps californianus,Gymnogyps,californianus,Rancho La Brea,NA,NA,NA,TRUE,0,NA
UCMP_148880,0.983685553156767,2.8797533818006418,1.7894721544967511,0.7993395852260753,1.170263011050001,148880,TRUE,UCMP,NA,Gymnogyps californianus,Gymnogyps,californianus,Rancho La Brea,NA,NA,NA,TRUE,0,NA
UCMP_148881,0.8063242303850982,2.798863860343856,0.5670996115807974,0.7964150907034724,1.223944250995324,148881,TRUE,UCMP,NA,Gymnogyps californianus,Gymnogyps,californianus,Rancho La Brea,NA,NA,NA,TRUE,0,NA
UCMP_148884,0.8234683640556241,3.058736520896125,1.071748550117739,0.6416089166280583,1.1585552144673361,148884,TRUE,UCMP,NA,Gymnogyps californianus,Gymnogyps,californianus,Rancho La Brea,NA,NA,NA,TRUE,0,NA
UCMP_148885,0.8407428645477312,3.0013844056670105,0.9058572818274286,0.7059075842291237,1.041648481512828,148885,TRUE,UCMP,NA,Gymnogyps californianus,Gymnogyps,californianus,Rancho La Brea,NA,NA,NA,TRUE,0,NA
UCMP_149245,0.29769959659024275,3.601823782811625,0.45190870532461375,0.32663734139789885,0.7387420921006488,149245,TRUE,UCMP,NA,NA,Arctodus,NA,McKittrick,NA,NA,NA,NA,4,NA
UCMP_149246,0.5296168310904231,3.233070244747219,0.9115128036392175,0.5216473097862837,1.1548573570094673,149246,TRUE,UCMP,NA,NA,Smilodon,NA,McKittrick,NA,NA,NA,NA,4,NA
UCMP_149255,0.6960613320063787,2.9830075738490125,1.6380420528684836,0.6536347316124899,1.180183574562049,149255,TRUE,UCMP,NA,Teratornis merriami,Teratornis,merriami,McKittrick,NA,NA,NA,TRUE,0,[@fox-dobbs2006]
UCMP_149256,1.1742813615688967,3.0896613361181378,2.97239200890711,1.1066012145207107,2.314755055961349,149256,TRUE,UCMP,NA,Teratornis merriami,Teratornis,merriami,McKittrick,NA,NA,NA,TRUE,0,[@fox-dobbs2006]
UCMP_149257,1.1121037221775012,3.1532141028130183,3.410590629565663,1.0437504013470542,2.222026374838879,149257,TRUE,UCMP,NA,Teratornis merriami,Teratornis,merriami,McKittrick,NA,NA,NA,TRUE,0,[@fox-dobbs2006]
UCMP_153238,0.28950980898076345,3.3606855062845145,1.1761339074329886,0.4724636574895411,1.4802987466811692,153238,TRUE,UCMP,NA,NA,Aenocyon,dirus,McKittrick,NA,NA,NA,NA,2,NA
UCMP_153246,0.2372305515298608,3.340762416438642,0.7382887286637525,0.4094804572899173,1.3396468539712243,153246,TRUE,UCMP,NA,Equus conversidens,Equus,conversidens,McKittrick,NA,NA,NA,FALSE,0,NA
UCMP_153247,0.4473015873099841,3.0808337086006885,1.05486851366193,0.6041899030634409,1.6693562907501889,153247,TRUE,UCMP,NA,Equus conversidens,Equus,conversidens,McKittrick,NA,NA,NA,FALSE,0,NA
UCMP_153250,0.20733176339980272,3.411393278559844,0.753712565262332,0.39487203573819324,1.0753273554676537,153250,TRUE,UCMP,NA,Equus conversidens,Equus,conversidens,McKittrick,NA,NA,NA,FALSE,0,NA
UCMP_153251,0.4021180668371234,2.9507308337501605,1.4580361492437675,0.624206959724026,1.519903533830487,153251,TRUE,UCMP,NA,Camelops,Camelops,NA,McKittrick,1370,left,NA,NA,1,NA
UCMP_153252,0.21929196352170433,3.0384991744139915,0.8295601166409878,0.4862704092151573,1.1150171192001426,153252,TRUE,UCMP,NA,Bison,Bison,NA,McKittrick,NA,NA,NA,FALSE,0,NA
UCMP_153253,0.37343705111427833,3.1688914094727174,0.9561087105018113,0.530150782000934,1.5098428861766198,153253,TRUE,UCMP,NA,Bison,Bison,NA,McKittrick,NA,NA,NA,FALSE,0,NA
UCMP_153254,0.20933034250560983,3.44450441100777,0.4365266890074492,0.37530881934077415,0.9155474676492269,153254,TRUE,UCMP,NA,Bison,Bison,NA,McKittrick,NA,NA,NA,FALSE,0,NA
UCMP_153256,0.2758883332882965,3.390625660956888,0.8731595022509614,0.43833720712794433,1.4592371360048768,153256,TRUE,UCMP,NA,Bison,Bison,NA,McKittrick,NA,NA,NA,FALSE,0,NA
UCMP_153257,0.6972374054422421,3.04838482153291,0.7705969692080438,0.7135092570771916,1.0300378128317988,153257,TRUE,UCMP,NA,Cervus elaphus,Cervus,elaphus,McKittrick,NA,NA,NA,TRUE,0,[@fox-dobbs2014]
UCMP_154372,0.8059502945788389,2.9984737665855574,1.9540075768172969,0.7867162969394232,1.7465783634924297,154372,TRUE,UCMP,219233,Gopherus,Gopherus,NA,McKittrick,NA,NA,NA,TRUE,0,NA
UCMP_154411,0.6709049893717774,2.8751404518213075,1.7570004762756743,0.7024624601113623,1.4489275134680282,154411,TRUE,UCMP,219234,Gopherus,Gopherus,NA,McKittrick,NA,NA,NA,TRUE,0,NA
UCMP_158263,0.9993993601272755,3.0209123894656207,1.337395600532294,0.8151677655462617,1.4190582963693394,158263,TRUE,UCMP,264043,Camelops,Camelops,NA,Rancho La Brea,NA,NA,NA,TRUE,0,NA
UCMP_158271,0.994348084360219,3.294407418848911,1.5629673395960613,0.8132633547284805,1.174460006716783,158271,TRUE,UCMP,264044,Camelops,Camelops,NA,Rancho La Brea,NA,NA,NA,TRUE,0,NA
UCMP_158276,1.078580031459069,2.7919535003366565,2.664340201239561,0.9548553378469689,1.5102646565699773,158276,TRUE,UCMP,268355,Camelops,Camelops,NA,Rancho La Brea,NA,NA,NA,TRUE,0,NA
UCMP_158277,0.9735014159112121,3.0910194227491115,1.7108418418805778,0.7917984772001033,0.993121505091796,158277,TRUE,UCMP,264045,Camelops,Camelops,NA,Rancho La Brea,NA,NA,NA,TRUE,0,NA
UCMP_158279,0.9425460069728576,3.051374736366887,1.186660725655619,0.7955773953978267,1.1175646339215692,158279,TRUE,UCMP,264046,Camelops,Camelops,NA,Rancho La Brea,NA,NA,NA,TRUE,0,NA
UCMP_158281,0.3657464525193944,2.823950852099063,0.950149401402809,0.5951628841634053,1.1378363264246085,158281,TRUE,UCMP,NA,Camelops,Camelops,NA,Rancho La Brea,NA,NA,NA,FALSE,0,NA
UCMP_212877,0.2838414728545298,3.16722771570829,0.9232233402805817,0.39470410014160257,1.032545653148201,212877,TRUE,UCMP,NA,NA,Canis,latrans,McKittrick,NA,NA,NA,NA,3,NA
UCMP_212880,0.3033140195658928,3.1111133957746366,0.9126522231694011,0.4319088138476781,1.1867024633853713,212880,TRUE,UCMP,NA,NA,Canis,latrans,McKittrick,NA,NA,NA,NA,2,NA
UCMP_212881,0.40571665087582476,2.8946245392639645,0.9581756156836526,0.5004635681374769,1.30062732164221,212881,TRUE,UCMP,NA,NA,Canis,latrans,McKittrick,NA,NA,NA,NA,2,NA
UCMP_212883,0.31570503689785545,3.294663381148045,0.8412842961784719,0.421653133717755,1.094063906395546,212883,TRUE,UCMP,NA,NA,Canis,latrans,McKittrick,NA,NA,NA,NA,3,NA
UCMP_212886,0.23853625690731944,3.2085999973684673,0.9488511307093357,0.3158966445962749,0.8576110515338531,212886,TRUE,UCMP,NA,NA,Aenocyon,dirus,McKittrick,NA,NA,NA,NA,3,NA
UCMP_212887,0.38646247140811935,3.0767180369218763,1.1060932284638478,0.4729924440028836,1.3590321375655154,212887,TRUE,UCMP,NA,NA,Aenocyon,dirus,McKittrick,NA,NA,NA,NA,2,NA
UCMP_212888,0.26103759159227224,3.246939337706751,1.4723046255157661,0.4484667453984885,1.396918594470419,212888,TRUE,UCMP,NA,NA,Aenocyon,dirus,McKittrick,NA,NA,NA,NA,2,NA
UCMP_212891,0.3697471997465545,3.2562015617963675,1.0541816463436604,0.4234105531363069,1.0799094242809995,212891,TRUE,UCMP,NA,NA,Aenocyon,dirus,McKittrick,NA,NA,NA,NA,3,NA
UCMP_233859,0.3147777199045051,3.2289009032987583,1.099106780390024,0.46482896412476105,1.3407901813456136,233859,TRUE,UCMP,NA,NA,Aenocyon,dirus,McKittrick,NA,NA,NA,NA,4,NA
UCMP_233862,0.3172650129332581,3.2423202406497382,2.355781450410886,0.5284255831483046,1.3963097991147813,233862,TRUE,UCMP,NA,NA,Aenocyon,dirus,McKittrick,NA,NA,NA,NA,4,NA
UCMP_233923,0.5390595833876359,2.9400480201271253,1.3229392575072476,0.5675340226960575,1.2201508993292607,233923,TRUE,UCMP,NA,NA,Canis,latrans,McKittrick,NA,NA,canine,NA,5,NA
UCMP_233952,0.37379474787705447,3.164223625810267,1.0285459644002954,0.49190986144346505,1.0449557519608896,233952,TRUE,UCMP,NA,NA,Canis,latrans,McKittrick,NA,NA,canine,NA,5,NA
UCMP_233971,0.32376080955774256,3.2917752711048545,1.3194097376065375,0.5340769468449739,1.1576931447024466,233971,TRUE,UCMP,NA,NA,Aenocyon,dirus,McKittrick,NA,NA,canine,NA,5,NA
UCMP_233999,0.4858553622927114,3.0798401698285405,2.0109044362118635,0.6988543438626041,1.4829442588690724,233999,TRUE,UCMP,NA,NA,Canis,latrans,McKittrick,NA,NA,canine,NA,5,NA
UCMP_234164,0.35508508669001526,3.093745190269218,1.9002154646870062,0.5272790736890234,1.2255310690033865,234164,TRUE,UCMP,NA,NA,Aenocyon,dirus,McKittrick,NA,NA,NA,NA,4,NA
UCMP_234165,0.2627317856144209,3.3259725095317534,0.7013070831065935,0.309896821521967,0.8194056874805498,234165,TRUE,UCMP,NA,NA,Aenocyon,dirus,McKittrick,NA,NA,NA,NA,3,NA
UCMP_234166,0.34987125740453434,3.3730404977147965,0.8863014807259746,0.4443018111200126,1.1154664689173217,234166,TRUE,UCMP,NA,NA,Aenocyon,dirus,McKittrick,NA,NA,NA,NA,4,NA
UCMP_234502,0.322619577979097,3.4508307806867093,0.8979934421696619,0.4115474277344939,0.9321855786446491,234502,TRUE,UCMP,NA,NA,Canis,latrans,McKittrick,NA,NA,canine,NA,5,NA
UCMP_234503,0.3958190254075024,3.0304812179291005,1.47590697838583,0.6321569252503182,1.2845830189073029,234503,TRUE,UCMP,NA,NA,Canis,latrans,McKittrick,NA,NA,canine,NA,5,NA
UCMP_234504,0.3728960518764409,3.1976907542437245,1.543399788216418,0.6171834515561561,1.3141064419584232,234504,TRUE,UCMP,NA,NA,Canis,latrans,McKittrick,NA,NA,canine,NA,5,NA
UCMP_234600,0.7300678730786785,3.248034501860952,1.373214517317428,0.6191145319868567,1.344370080388239,234600,TRUE,UCMP,280004,Hemiauchenia,Hemiauchenia,NA,McKittrick,7139,left,metatarsal,NA,1,NA
UCMP_234602,0.5989295257605624,3.2590979329963767,1.2610483214339736,0.5867740474828644,1.3114821155361776,234602,TRUE,UCMP,280006,Hemiauchenia,Hemiauchenia,NA,McKittrick,7139,right,metatarsal,NA,1,NA
UCMP_234604,0.6390041578458845,3.0188340648805374,1.5034350829789083,0.5906275948241174,1.3690520488694957,234604,TRUE,UCMP,NA,Hemiauchenia,Hemiauchenia,NA,McKittrick,7139,right,metatarsal,NA,1,NA
UCMP_234605,0.5923518878377749,3.1062767973339396,1.2059422543055467,0.5786852324486055,1.283143878423461,234605,TRUE,UCMP,280005,Hemiauchenia,Hemiauchenia,NA,McKittrick,7139,left,metatarsal,NA,1,NA
UCMP_234636,0.5748888347342263,3.012134146854038,1.1490848270794465,0.618455035012649,1.4783476165575147,234636,TRUE,UCMP,NA,NA,Bison,NA,McKittrick,NA,NA,NA,NA,4,NA
UCMP_234637,0.346870439107634,3.407522576764776,0.5357127197917353,0.3951948410989149,1.3766414220172023,234637,TRUE,UCMP,NA,NA,Bison,NA,McKittrick,NA,NA,NA,NA,4,NA
UCMP_234638,0.2956870402290046,3.169351664998356,0.8270917732673936,0.4510063468655278,1.3055312100653038,234638,TRUE,UCMP,NA,NA,Bison,NA,McKittrick,NA,NA,NA,NA,4,NA
UCMP_234639,0.38972670788075986,3.245859639621779,1.4153045070252999,0.5151244906400042,1.346632219667166,234639,TRUE,UCMP,NA,NA,Euceratherium,collinum,McKittrick,NA,NA,NA,NA,4,NA
UCMP_234640,0.7197723401733132,3.061694990032036,0.8593153990181429,0.5955401997024571,1.124386997489397,234640,TRUE,UCMP,NA,NA,Camelops,hesternus,McKittrick,NA,NA,NA,NA,4,NA
UCMP_234682,0.5943562367288373,3.053484386916846,0.8819354100504063,0.496739453662001,1.078790926609419,234682,TRUE,UCMP,NA,NA,NA,NA,McKittrick,NA,NA,NA,NA,2,NA
UCMP_234683,0.5363745972992587,3.198154713524035,2.309126846317852,0.5323510990211461,1.1915798924917245,234683,TRUE,UCMP,NA,NA,Aenocyon,dirus,McKittrick,NA,NA,NA,NA,4,NA
UCMP_234684,0.46823987848017884,3.0171413530662132,1.238812434859243,0.5488833235973749,1.4741444201058114,234684,TRUE,UCMP,280008,Hemiauchenia,Hemiauchenia,NA,McKittrick,7139,left,metatarsal,NA,1,NA
UCMP_234688,0.6336269101303154,3.0559814349835426,2.135628336641756,0.5955542015930545,1.4675969677630956,234688,TRUE,UCMP,NA,Antilocapra,Antilocapra,NA,McKittrick,NA,NA,NA,NA,4,NA
UCMP_234724,0.292464170582852,3.1902689221393254,0.7952255899730886,0.4265680313570571,1.2867013552468831,234724,TRUE,UCMP,NA,Hemiauchenia,Hemiauchenia,NA,McKittrick,7139,right,metatarsal,NA,1,NA
UCMP_234734,0.41109734672796205,3.156490598690945,1.0174516758226317,0.5051723844247644,1.4536846781824693,234734,TRUE,UCMP,NA,Hemiauchenia,Hemiauchenia,NA,McKittrick,7139,right,metatarsal,NA,1,NA
UCMP_234822,0.41193113017922123,3.3905095844585564,1.6757986177360407,0.5304975374486479,1.4878922146042046,234822,TRUE,UCMP,NA,NA,Bison,NA,McKittrick,NA,NA,NA,NA,4,NA
UCMP_234823,0.31074705851669604,3.251772901856572,1.6926041770351332,0.5229016576178351,1.762975876494705,234823,TRUE,UCMP,NA,NA,Bison,NA,McKittrick,NA,NA,NA,NA,4,NA
UCMP_234834,0.364710133550726,3.1277661660443448,1.421025050447349,0.5237653451412424,1.6284976503887387,234834,TRUE,UCMP,NA,NA,Bison,NA,McKittrick,NA,NA,NA,NA,4,NA
UCMP_234975,0.420445100458919,3.1162238930150723,1.862955710603545,0.5184006814830815,1.4125667337999601,234975,TRUE,UCMP,NA,NA,NA,NA,McKittrick,NA,NA,NA,NA,2,NA
UCMP_234983,0.3147829201948824,3.155273248371852,0.8994286195628683,0.4415793911979306,1.1551857349506636,234983,TRUE,UCMP,NA,NA,Camelops,hesternus,McKittrick,NA,NA,NA,NA,4,NA
UCMP_234991,0.2880853910430069,3.177450192028455,1.3657303497571942,0.41475193624169826,1.214539747600788,234991,TRUE,UCMP,NA,NA,Bison,NA,McKittrick,NA,NA,NA,NA,4,NA
UCMP_234997,0.42942076542065805,3.14142270901241,1.689010888287118,0.5535610867414696,1.5835785547224148,234997,TRUE,UCMP,NA,NA,Bison,NA,McKittrick,NA,NA,NA,NA,4,NA
UCMP_235013,0.2904880813111277,3.3198137989809515,0.8898296125380554,0.4038278557006628,1.2583887562404568,235013,TRUE,UCMP,NA,NA,Bison,NA,McKittrick,NA,NA,NA,NA,2,NA
UCMP_235014,0.3262629030594516,3.271084094609749,1.4883157001132552,0.4351401990452938,1.3165173447824954,235014,TRUE,UCMP,NA,NA,Bison,NA,McKittrick,NA,NA,NA,NA,4,NA
UCMP_235033,0.3363023894042417,3.020256501677524,1.851943683557904,0.6227134284775575,1.6341358173470513,235033,TRUE,UCMP,NA,Hemiauchenia,Hemiauchenia,NA,McKittrick,7139,right,metatarsal,NA,1,NA
UCMP_235047,0.36078774356766957,3.0864753383441323,1.9672739424380026,0.5716457065215809,1.4619772182842437,235047,TRUE,UCMP,NA,NA,Bison,NA,McKittrick,NA,NA,NA,NA,4,NA
UCMP_235105,0.47591999025081766,2.9744378661083037,0.8586082472859325,0.6157016476117737,1.3911353193542055,235105,TRUE,UCMP,NA,Hemiauchenia,Hemiauchenia,NA,McKittrick,7139,left,metatarsal,NA,1,NA
UCMP_235107.0,0.6669612438762104,2.8654998648822736,1.6463371651190177,0.7713545192105704,1.4389300928308195,235107,TRUE,UCMP,NA,Hemiauchenia,Hemiauchenia,NA,McKittrick,7139,left,metatarsal,NA,1,NA
UCMP_235108.0,0.34016635314533844,2.934338125189648,0.8345091638669121,0.47486359587724025,1.2540271401988647,235108,TRUE,UCMP,NA,Hemiauchenia,Hemiauchenia,NA,McKittrick,7139,left,metatarsal,NA,1,NA
UCMP_235109.0,0.2960124581701303,3.1974911173612557,0.7152620683173615,0.3939542131401564,1.0259874592342675,235109,TRUE,UCMP,NA,Hemiauchenia,Hemiauchenia,NA,McKittrick,7139,left,metatarsal,NA,1,NA
UCMP_235110.0,0.2718024107222093,3.2651448835131567,0.6720645723346836,0.38050936683407915,1.1144042263803817,235110,TRUE,UCMP,NA,Hemiauchenia,Hemiauchenia,NA,McKittrick,7139,left,metatarsal,NA,1,NA
UCMP_235111.0,0.7526673975647533,3.034029009501511,1.262461353921612,0.6455633476545326,1.33077681915755,235111,TRUE,UCMP,NA,Hemiauchenia,Hemiauchenia,NA,McKittrick,7139,right,metatarsal,NA,1,NA
UCMP_235112.0,0.40213495509953107,3.0814912398855236,0.9215603937124623,0.5104002819266551,1.3038791197808486,235112,TRUE,UCMP,NA,Hemiauchenia,Hemiauchenia,NA,McKittrick,7139,left,metatarsal,NA,1,NA
UCMP_235113.0,0.47905912137498025,2.921171290786299,1.4726751193713317,0.6902735112732727,1.5920101646657896,235113,TRUE,UCMP,NA,Camelidae,NA,NA,McKittrick,NA,NA,NA,NA,4,NA
UCMP_235114.0,0.3925082296660094,2.8856145496139654,0.6515376693221914,0.4419707599065464,0.8674718902362573,235114,TRUE,UCMP,NA,Hemiauchenia,Hemiauchenia,NA,McKittrick,7139,left,metatarsal,NA,1,NA
UCMP_235115.0,0.23786150928734776,3.107826337896313,0.7644126951732652,0.4095978126224372,1.2273414496254325,235115,TRUE,UCMP,NA,Hemiauchenia,Hemiauchenia,NA,McKittrick,7139,right,metatarsal,NA,1,NA
UCMP_235116.0,0.31558864095870887,3.196763348972151,0.9712819016272247,0.46823780488270345,1.3338061777130796,235116,TRUE,UCMP,NA,Hemiauchenia,Hemiauchenia,NA,McKittrick,7139,right,metatarsal,NA,1,NA
UCMP_235117.0,0.3062217673386912,3.20337682940643,0.5528930577026928,0.37821390486018697,1.1248529972073622,235117,TRUE,UCMP,NA,Hemiauchenia,Hemiauchenia,NA,McKittrick,7139,right,metatarsal,NA,1,NA
UCMP_235118,0.3672174998188764,3.0741386424133834,1.4621011518881277,0.5811333331978826,1.4655236707685688,235118,TRUE,UCMP,NA,Hemiauchenia,Hemiauchenia,NA,McKittrick,7139,right,metatarsal,NA,1,NA
UCMP_235119,0.2919131507101068,3.1585209491985378,0.7501695622884414,0.42109542353042306,1.1381697388700438,235119,TRUE,UCMP,NA,Hemiauchenia,Hemiauchenia,NA,McKittrick,7139,right,metatarsal,NA,1,NA
UCMP_235120,0.6941563664307866,3.005697848958864,1.521969134323457,0.6668321013689474,1.4459585418041025,235120,TRUE,UCMP,NA,Hemiauchenia,Hemiauchenia,NA,McKittrick,7139,right,metatarsal,NA,1,NA
UCMP_235122,0.40215480746023247,3.038903131785098,1.1045522271962436,0.541250765846665,1.3223158143132785,235122,TRUE,UCMP,NA,Hemiauchenia,Hemiauchenia,NA,McKittrick,7139,right,metatarsal,NA,1,NA
UCMP_235123,0.22000861453383377,3.153535185640794,0.7076986768732778,0.337350019296303,1.0269224125407888,235123,TRUE,UCMP,NA,Hemiauchenia,Hemiauchenia,NA,McKittrick,7139,right,metatarsal,NA,1,NA
UCMP_235222,0.8194219154586304,2.8784922610671044,1.828470109581757,0.6806609287244272,0.8757979722223025,235222,TRUE,UCMP,NA,Paramylodon,Paramylodon,NA,McKittrick,NA,NA,NA,NA,3,NA
UCMP_235258,0.2838560761431104,3.4055465497555564,0.5427177116015135,0.31156665229511554,0.9983703127222533,235258,TRUE,UCMP,NA,NA,Bison,NA,McKittrick,NA,NA,NA,NA,4,NA
UCMP_236337,0.2751330143662044,3.219207859879819,1.9210063973873999,0.4853995875646689,1.3539455677799404,236337,TRUE,UCMP,NA,Camelidae,NA,NA,McKittrick,NA,NA,NA,NA,4,NA
UCMP_236338,0.31012212925962035,3.1363130511429245,1.8317219532598126,0.4953512653610457,1.2461633062325908,236338,TRUE,UCMP,NA,Camelidae,NA,NA,McKittrick,NA,NA,NA,NA,4,NA
UCMP_236343,0.31858546963217,3.122876506929187,2.3492544101183053,0.49560173982260536,1.446608897450426,236343,TRUE,UCMP,NA,check if mammoth or sloth,NA,NA,McKittrick,7139,NA,femoral head,NA,1,NA
UCMP_236348,0.32556158533152996,3.105649951962089,2.26997734131088,0.5574444690985707,1.5039348449228818,236348,TRUE,UCMP,NA,NA,Paramylodon,NA,McKittrick,NA,NA,NA,NA,4,NA
UCMP_236389,0.31962238868522425,3.139576111882377,2.228208464683541,0.5409971488048552,1.4585620845844647,236389,TRUE,UCMP,NA,Paramylodon,Paramylodon,NA,McKittrick,7139,NA,proximal metapodial,NA,1,NA
UCMP_236390,0.34637881071386606,3.0691375137908654,2.4069127952212273,0.5641016232321092,1.4422285371377086,236390,TRUE,UCMP,NA,Paramylodon,Paramylodon,NA,McKittrick,7139,NA,distal frag of distal phalanx,NA,1,NA
UCMP_236395,0.25946087356768543,3.1464334033027144,1.4870738971307766,0.41380806549764215,1.1756501349345063,236395,TRUE,UCMP,NA,NA,Paramylodon,NA,McKittrick,NA,NA,NA,NA,4,NA
UCMP_236398,0.2753713183994453,3.137011598790218,2.0206501416729745,0.4699711619177247,1.3674175460859714,236398,TRUE,UCMP,NA,Paramylodon,Paramylodon,NA,McKittrick,7139,NA,tibia,NA,1,NA
UCMP_236400,0.3580745531032752,3.1034906871259853,2.6660880331793604,0.5635493390925499,1.542895302044585,236400,TRUE,UCMP,NA,Paramylodon,Paramylodon,NA,McKittrick,7139,NA,"distal claw, broken",NA,1,NA
UCMP_236964,0.31962952375958814,3.2466699441670435,0.8394503552324363,0.4344511517090952,1.2338203579078595,236964,TRUE,UCMP,NA,NA,NA,NA,McKittrick,NA,NA,NA,NA,2,NA
UCMP_236969,0.29860579134344245,3.0473911904770077,0.9913334072426249,0.43892453842402507,1.4698197722659292,236969,TRUE,UCMP,NA,Equus,Equus,NA,McKittrick,7139,right,radius,NA,1,NA
UCMP_237005,0.6024868215503634,2.6448305951951507,1.6654086051400063,0.5146846201068376,1.150994498738712,237005,TRUE,UCMP,280016,Equus,Equus,NA,McKittrick,7139,right,radius,NA,1,NA
UCMP_237006,0.34028167957970684,3.3591357021633117,0.6187483089596454,0.443738290433536,1.3213501085272759,237006,TRUE,UCMP,NA,Equus,Equus,NA,McKittrick,7139,left,radius,NA,1,NA
UCMP_237007,0.43943205819293724,2.9462147082007193,0.9114818840836907,0.5533616366475194,1.4990440938727203,237007,TRUE,UCMP,NA,Equus,Equus,NA,McKittrick,7139,left,radius,NA,1,NA
UCMP_237008,0.4352488495308321,3.2178585446636268,0.8405538999556895,0.46890651669488653,1.4498349869681268,237008,TRUE,UCMP,NA,Equus,Equus,NA,McKittrick,7139,right,radius,NA,1,NA
UCMP_237009,0.5853721746875445,2.9531438246100716,1.0095601184919376,0.6064042679258328,1.5441376027186182,237009,TRUE,UCMP,280011,Equus,Equus,NA,McKittrick,7139,left,radius,NA,1,NA
UCMP_237010,0.6240361234513235,2.8751325317769014,0.5134868268580766,0.6073075167460569,1.2010631270377505,237010,TRUE,UCMP,280010,Equus,Equus,NA,McKittrick,7139,left,radius,NA,1,NA
UCMP_237011,0.2879056708151521,3.2115306733438262,0.8572818900675623,0.41427366794333886,1.164895935085264,237011,TRUE,UCMP,NA,Equus,Equus,NA,McKittrick,7139,right,radius,NA,1,NA
UCMP_237012,0.22551382234294268,3.2879159214180027,0.8714406276081048,0.40557750501303813,1.4337094114796516,237012,TRUE,UCMP,NA,Equus,Equus,NA,McKittrick,7139,left,radius,NA,1,NA
UCMP_237013,0.5200559909755952,3.081692963710558,1.0808741397792925,0.49719403337102497,1.0688770643647234,237013,TRUE,UCMP,280013,Equus,Equus,NA,McKittrick,7139,right,radius,NA,1,NA
UCMP_237014,0.5949702212370711,3.06368743144042,1.0322912468281455,0.5622305118305314,1.492798453551985,237014,TRUE,UCMP,280015,Equus,Equus,NA,McKittrick,7139,right,radius,NA,1,NA
UCMP_237051,0.26840819867436083,3.4903088343983897,0.932628989224772,0.35797169911303117,1.1901777929355852,237051,TRUE,UCMP,NA,NA,Bison,NA,McKittrick,NA,NA,NA,NA,4,NA
UCMP_237052,0.2990827215456133,3.670337252939835,0.9589644802097179,0.46071640329711966,1.6587251130577523,237052,TRUE,UCMP,NA,NA,Bison,NA,McKittrick,NA,NA,NA,NA,4,NA
UCMP_237053,0.35043596289440526,3.3693500722161596,1.1830573122862604,0.48019744836209843,1.4190678348969807,237053,TRUE,UCMP,NA,NA,Paramylodon,NA,McKittrick,NA,NA,NA,NA,4,NA
UCMP_237085,0.4602283863067919,2.985952960654796,1.692516346299462,0.520241055677878,1.4103242206540227,237085,TRUE,UCMP,NA,Xenarthra,NA,NA,McKittrick,NA,NA,NA,NA,2,NA
UCMP_237155,0.34356681343731726,3.041521067210526,1.1381239376295347,0.5261694687497803,1.5403698268945,237155,TRUE,UCMP,NA,Equus,Equus,NA,McKittrick,7139,right,radius,NA,1,NA
UCMP_237175.0,0.32155602584264936,3.193858362806308,2.376777358935698,0.5199307653325727,1.3558633744539617,237175,TRUE,UCMP,NA,Mammalia,NA,NA,McKittrick,NA,NA,NA,NA,4,NA
UCMP_237718,0.2975390656157065,3.1640283341301774,1.70978672304364,0.5342084773251925,1.4662967291991418,237718,TRUE,UCMP,NA,NA,Aenocyon,dirus,McKittrick,NA,NA,NA,NA,2,NA
UCMP_237719,0.3204807411556592,3.3077023284375873,0.6882089964312549,0.44961656543346024,1.5268296896484947,237719,TRUE,UCMP,NA,NA,Aenocyon,dirus,McKittrick,NA,NA,NA,NA,2,NA
UCMP_237720,0.3378429955832287,3.139905551169208,1.3993743038760211,0.5412355476824151,1.367712486731811,237720,TRUE,UCMP,NA,NA,Aenocyon,dirus,McKittrick,NA,NA,NA,NA,2,NA
UCMP_237723,0.6840234601231409,3.116252263610002,1.0616927578440902,0.6241778968261271,1.229787283632289,237723,TRUE,UCMP,NA,NA,Aenocyon,dirus,McKittrick,NA,NA,NA,NA,2,NA
UCMP_237730,0.2860108585495917,3.285568386063466,1.1862606958505846,0.44996161179491884,1.224419497262417,237730,TRUE,UCMP,NA,NA,Aenocyon,dirus,McKittrick,NA,NA,NA,NA,4,NA
UCMP_237731.0,0.28561803327170265,3.2598208238399558,1.1396791430375162,0.4594481979142435,1.2712671908438202,237731,TRUE,UCMP,NA,NA,Aenocyon,dirus,McKittrick,NA,NA,NA,NA,2,NA
UCMP_237732.0,0.30535777970455086,3.0750949378395944,1.3169412174208457,0.5273478742747347,1.4110998817002205,237732,TRUE,UCMP,NA,NA,Aenocyon,dirus,McKittrick,NA,NA,NA,NA,2,NA
UCMP_237742.0,0.41595768865320454,3.2669052900483493,0.995932866899705,0.4047174770560955,0.9643037296838015,237742,TRUE,UCMP,NA,NA,Aenocyon,dirus,McKittrick,NA,NA,NA,NA,3,NA
UCMP_237766.0,0.48053227267947785,3.0778405223257064,1.3991107225805737,0.4844355633746458,1.0471753877916694,237766,TRUE,UCMP,NA,NA,Aenocyon,dirus,McKittrick,NA,NA,NA,NA,4,NA
UCMP_237776.0,0.31579414763121916,3.334030559925312,0.857981593575164,0.41630923324031055,1.087492893614964,237776,TRUE,UCMP,NA,NA,Aenocyon,dirus,McKittrick,NA,NA,NA,NA,4,NA
UCMP_237779.0,0.40201213585939566,3.280952761277797,1.3389087054144064,0.5107730207378051,1.2745737088649074,237779,TRUE,UCMP,NA,NA,Aenocyon,dirus,McKittrick,NA,NA,NA,NA,4,NA
UCMP_237782.0,0.30947384460165817,3.2360226220766504,1.3338882023503769,0.49242077879390045,1.3913521613720818,237782,TRUE,UCMP,NA,NA,Aenocyon,dirus,McKittrick,NA,NA,NA,NA,4,NA
UCMP_237899.0,0.5057430712750131,3.037880469772509,1.5682747668083734,0.510364148808865,1.194784995809215,237899,TRUE,UCMP,NA,NA,Canis,latrans,McKittrick,NA,NA,NA,NA,3,NA
UCMP_237901.0,0.280418896479368,3.2017340969305006,1.0101102456425453,0.41043217537422333,1.19252258294372,237901,TRUE,UCMP,NA,NA,Canis,latrans,McKittrick,NA,NA,NA,NA,3,NA
UCMP_237902.0,0.27451340484175435,3.1848046972057715,1.205005155208378,0.4370459697676798,1.133028794039923,237902,TRUE,UCMP,NA,NA,Canis,latrans,McKittrick,NA,NA,NA,NA,3,NA
UCMP_237907.0,0.45234525615385274,3.0107832751349686,1.1312857449925422,0.4551362331550775,1.0678358023457146,237907,TRUE,UCMP,NA,NA,Canis,latrans,McKittrick,NA,NA,NA,NA,3,NA
UCMP_237910.0,0.3385553716841053,3.036106599985498,0.951020629332178,0.46473912039829746,1.2052668534863142,237910,TRUE,UCMP,NA,NA,Canis,latrans,McKittrick,NA,NA,NA,NA,3,NA
UCMP_237911.0,0.31974106355192194,3.169881923344651,0.9898706058069072,0.4208260091133552,1.121517891721195,237911,TRUE,UCMP,NA,NA,Canis,latrans,McKittrick,NA,NA,NA,NA,3,NA
UCMP_237912.0,0.40306510401561907,3.0999171046431067,1.0780460491953734,0.4396931998470969,1.072315237924546,237912,TRUE,UCMP,NA,NA,Canis,latrans,McKittrick,NA,NA,NA,NA,3,NA
UCMP_237914.0,0.5402631144125494,3.134416219213819,1.078262088387291,0.5074834479724907,1.1268833978589399,237914,TRUE,UCMP,NA,NA,Canis,latrans,McKittrick,NA,NA,NA,NA,3,NA
UCMP_237915.0,0.31450310356982175,3.2539127879715677,1.0259691936727353,0.4463976643686354,1.2185715707821618,237915,TRUE,UCMP,NA,NA,Canis,latrans,McKittrick,NA,NA,NA,NA,3,NA
UCMP_237917.0,0.2894005815993654,3.0995878803676034,1.0549547339009602,0.38168719686590197,0.872610893851515,237917,TRUE,UCMP,NA,NA,Canis,latrans,McKittrick,NA,NA,NA,NA,3,NA
UCMP_237919.0,0.4528812585540115,3.061352963037057,1.0594908572364545,0.5293306893149647,1.201469092400233,237919,TRUE,UCMP,NA,NA,Canis,latrans,McKittrick,NA,NA,NA,NA,3,NA
UCMP_237920.0,0.3709580630711559,3.192553031461053,1.5341254162687892,0.5792978449934731,1.5364033925610303,237920,TRUE,UCMP,NA,NA,Canis,latrans,McKittrick,NA,NA,NA,NA,3,NA
UCMP_237924.0,0.3241528963952951,2.950662863885764,0.9391110925559748,0.42662011414104084,1.0541558391612917,237924,TRUE,UCMP,NA,NA,Canis,latrans,McKittrick,NA,NA,NA,NA,3,NA
UCMP_237925.0,0.3577146710787628,3.1333905668586657,1.0043353664939483,0.4663312961533232,1.1775911741939629,237925,TRUE,UCMP,NA,NA,Canis,latrans,McKittrick,NA,NA,NA,NA,3,NA
UCMP_237927.0,0.2513152594261453,3.154356345849956,0.8943074080418593,0.32808886167515483,0.7616882928970946,237927,TRUE,UCMP,NA,NA,Canis,latrans,McKittrick,NA,NA,NA,NA,3,NA
UCMP_237928.0,0.3491438585745527,3.3376069421854044,0.975284293358445,0.4810712247203572,1.2706878343050851,237928,TRUE,UCMP,NA,NA,Canis,latrans,McKittrick,NA,NA,NA,NA,3,NA
UCMP_237930.0,0.29255622866621916,3.133185237666633,0.9774434688529264,0.3734334762688422,0.9173489583860802,237930,TRUE,UCMP,NA,NA,Canis,latrans,McKittrick,NA,NA,NA,NA,3,NA
UCMP_237931.0,0.33480936441968,3.0646004109825826,1.0411468156198864,0.453367295115924,1.0906295320098305,237931,TRUE,UCMP,NA,NA,Canis,latrans,McKittrick,NA,NA,NA,NA,3,NA
UCMP_237932.0,0.3132953370463555,3.014465724175965,0.9669864706151045,0.43601516609572033,1.004217403840413,237932,TRUE,UCMP,NA,NA,Canis,latrans,McKittrick,NA,NA,NA,NA,3,NA
UCMP_237973.0,0.3012297794209753,3.254555474205452,1.3458653149150432,0.40104252401998575,1.1243535253294847,237973,TRUE,UCMP,NA,NA,Aenocyon,dirus,McKittrick,NA,NA,NA,NA,4,NA
UCMP_237974.0,0.29962356074935775,3.13819834487369,1.91673651565389,0.45828832307802847,1.3832470493426345,237974,TRUE,UCMP,NA,NA,Aenocyon,dirus,McKittrick,NA,NA,NA,NA,4,NA
UCMP_237977.0,0.28799090073632233,3.281147203254236,1.1570828561864457,0.41270993858604405,1.0684401793320921,237977,TRUE,UCMP,NA,NA,Aenocyon,dirus,McKittrick,NA,NA,canine,NA,5,NA
UCMP_238700.0,0.33782801003459995,3.382582388432224,1.3101619507626687,0.47474592005980504,1.2139337997288802,238700,TRUE,UCMP,NA,NA,Aenocyon,dirus,McKittrick,NA,NA,canine,NA,5,NA
UCMP_238807.0,0.268090348497267,3.3644677010905393,1.0457350631194025,0.39536794209813764,1.0965993511864456,238807,TRUE,UCMP,NA,NA,Aenocyon,dirus,McKittrick,NA,NA,NA,NA,4,NA
UCMP_238864.0,0.4112832982016925,2.948245372293095,1.0193997008810682,0.5656313855782674,1.4385145713689973,238864,TRUE,UCMP,NA,Equus,Equus,NA,McKittrick,7139,right,radius,NA,1,NA
UCMP_238865.0,0.3353876818442948,3.044846692888808,0.8811862884695578,0.4389707933306912,1.0806670578843856,238865,TRUE,UCMP,NA,Equus,Equus,NA,McKittrick,7139,right,radius,NA,1,NA
UCMP_239019.1,0.5589366415945297,2.970279879224261,2.219417640216111,0.7324873309877883,1.839253523993516,239019,TRUE,UCMP,NA,Equus,Equus,NA,McKittrick,7139,right,radius,NA,1,NA
UCMP_239021.0,0.2791721270695886,3.069216537640078,0.783265780062284,0.4073048650461295,1.100223874046873,239021,TRUE,UCMP,NA,Equus,Equus,NA,McKittrick,7139,right,radius,NA,1,NA
UCMP_239100.0,0.3855085768865051,3.098286143601899,1.313243268631142,0.46279319270139,1.1794707203958246,239100,TRUE,UCMP,NA,Equus,Equus,NA,McKittrick,7139,right,radius,NA,1,NA
UCMP_239101.0,0.26667633047308364,3.203248129787274,0.8894793563392951,0.38982724834672905,1.1914354891665757,239101,TRUE,UCMP,NA,Equus,Equus,NA,McKittrick,7139,right,radius,NA,1,NA
UCMP_239102.0,0.34561497050339135,3.1765143280069905,0.8333749878629123,0.4899597827349614,1.350665832407704,239102,TRUE,UCMP,NA,Equus,Equus,NA,McKittrick,7139,right,radius,NA,1,NA
UCMP_239103.0,0.19957191109418465,3.1757067750640386,0.989726535595758,0.36537110083495233,1.2536667910713775,239103,TRUE,UCMP,NA,Equus,Equus,NA,McKittrick,7139,left,radius,NA,1,NA
UCMP_239104.0,0.2808697491824393,3.0678272559938558,1.5173434057067277,0.4656429367023065,1.077699950215877,239104,TRUE,UCMP,NA,Equus,Equus,NA,McKittrick,7139,left,radius,NA,1,NA
UCMP_239105.0,0.34040299299180266,3.042213413736019,1.9041898971243019,0.4794398223623099,1.44039956597122,239105,TRUE,UCMP,NA,Equus,Equus,NA,McKittrick,7139,left,radius,NA,1,NA
UCMP_239106.0,0.35614753725006126,2.986158848776483,1.893049684921971,0.47496123776032956,1.466600677102626,239106,TRUE,UCMP,NA,Equus,Equus,NA,McKittrick,7139,right,radius,NA,1,NA
UCMP_239137.0,0.28715480581534875,3.3472762495862987,1.166666609622473,0.4237093254277519,1.3167660037115454,239137,TRUE,UCMP,NA,NA,Bison,NA,McKittrick,NA,NA,NA,NA,4,NA
UCMP_239155.0,0.3119450699224434,3.2994239333570414,1.0300183830115792,0.4154385136706261,1.0007340926155732,239155,TRUE,UCMP,NA,NA,Aenocyon,dirus,McKittrick,NA,NA,canine,NA,5,NA
UCMP_239508.0,0.18262300807407758,3.256986706993826,0.7985308795431615,0.39869458159167964,1.3230547880962604,239508,TRUE,UCMP,NA,NA,Equus,NA,McKittrick,NA,NA,NA,NA,4,NA
UCMP_239568.0,0.26118150135600643,3.1893284753108415,1.0959579086187718,0.34762219238627784,1.210793095668603,239568,TRUE,UCMP,NA,Odocoileus,Odocoileus,hemionus,McKittrick,NA,NA,NA,NA,2,NA
UCMP_239746.0,0.622619236906044,2.968275225734929,1.0631508974056691,0.5608438589837261,1.2285628665802362,239746,TRUE,UCMP,280007,Hemiauchenia,Hemiauchenia,NA,McKittrick,7139,right,metatarsal,NA,1,NA
UCMP_239775.0,0.28222383650794536,3.2235062808906974,1.075092961296187,0.39886297658402564,1.236913824251091,239775,TRUE,UCMP,NA,Artiodactyla,NA,NA,McKittrick,NA,NA,NA,NA,4,NA
UCMP_239785.0,0.35803499507601955,3.093606382886946,0.7706775798892119,0.4927470612247933,1.2375750586607128,239785,TRUE,UCMP,NA,Hemiauchenia,Hemiauchenia,NA,McKittrick,7139,right,metatarsal,NA,1,NA
UCMP_239926.0,0.41604798205634863,2.97963290098128,2.206828139998749,0.5217005918578718,1.4767358246430256,239926,TRUE,UCMP,NA,NA,Bison,NA,McKittrick,NA,NA,NA,NA,4,NA
UCMP_239948.0,0.30931631798365206,3.1396724716002087,0.9352734062005288,0.45568975812391255,1.1439919305419315,239948,TRUE,UCMP,NA,Hemiauchenia,Hemiauchenia,NA,McKittrick,7139,right,metatarsal,NA,1,NA
UCMP_239961.0,0.3196552262041616,3.183975018094732,1.1024523057051359,0.45259820441662596,1.288449762440725,239961,TRUE,UCMP,NA,Hemiauchenia,Hemiauchenia,NA,McKittrick,7139,right,metatarsal,NA,1,NA
UCMP_239975.0,0.5036214017084021,3.1043637283325123,1.0973493044592646,0.5717579034464628,1.1972728601197205,239975,TRUE,UCMP,NA,Hemiauchenia,Hemiauchenia,NA,McKittrick,7139,left,metatarsal,NA,1,NA
UCMP_239976.0,0.33385873780790293,3.43250946345301,0.9935658745884048,0.4350207619407533,1.1618676772757142,239976,TRUE,UCMP,NA,Hemiauchenia,Hemiauchenia,NA,McKittrick,7139,right,metatarsal,NA,1,NA
UCMP_240383.0.0,0.6720935667068975,3.06303114529601,1.9563788550607715,0.6885932923563758,1.4477841555616568,240383,TRUE,UCMP,NA,NA,Bison,NA,McKittrick,NA,NA,NA,NA,4,NA
UCMP_240554.0,0.5096664543004715,3.135343483711494,1.0058898615240255,0.5167829920906987,1.2065299083476475,240554,TRUE,UCMP,NA,NA,Bison,NA,McKittrick,NA,NA,NA,NA,4,NA
UCMP_240555.0,0.35992960899438875,2.9941086618815804,0.9993542324486075,0.48072150720799445,1.061110857918482,240555,TRUE,UCMP,NA,NA,Bison,NA,McKittrick,NA,NA,NA,NA,4,NA
UCMP_240562.0,0.43040980943589624,3.178740448929635,1.4584607741184294,0.5363672067494332,1.3209846968909835,240562,TRUE,UCMP,NA,NA,Bison,NA,McKittrick,NA,NA,NA,NA,4,NA
UCMP_240638.0,0.46209858005245324,3.1000277234795215,1.9978371126860897,0.5428877016018967,1.2186761545170408,240638,TRUE,UCMP,NA,NA,Bison,NA,McKittrick,NA,NA,NA,NA,4,NA
UCMP_240644.0,0.29634763552765087,3.2903316641632445,1.0706200853504522,0.4114739076530551,1.3263811338590936,240644,TRUE,UCMP,NA,NA,Bison,NA,McKittrick,NA,NA,NA,NA,4,NA
UCMP_241059.0,0.30835591378725785,3.0779010493642476,1.1132758716800455,0.4974692568779548,1.3276143711746766,241059,TRUE,UCMP,NA,Camelops,Camelops,NA,McKittrick,7139,right,mt,NA,1,NA
UCMP_241060.0,0.41197128913498837,2.9533703857131117,0.7870327167679348,0.5265980472624358,1.2570260690242112,241060,TRUE,UCMP,NA,Camelops,Camelops,NA,McKittrick,7139,left,NA,NA,1,NA
UCMP_241070.0,0.4940149741395079,3.120822175093082,0.8499439550518325,0.4722808769269498,1.3392213328060827,241070,TRUE,UCMP,280014,Equus,Equus,NA,McKittrick,7139,left,radius,NA,1,NA
UCMP_241072.0,0.8786945302465117,3.010553775678049,1.005323366998661,0.6940051558772763,1.3169731435783056,241072,TRUE,UCMP,280012,Equus,Equus,NA,McKittrick,7139,left,radius,NA,1,NA
UCMP_241157.0,0.4752638347902703,3.262067047103418,1.4107254401738183,0.5406014069345838,1.249355165471857,241157,TRUE,UCMP,NA,Mammalia,NA,NA,McKittrick,NA,NA,NA,NA,4,NA
UCMP_241158.0,0.33316058182083375,3.1819241236059006,2.331974600814922,0.4498299377196689,1.2098855962157393,241158,TRUE,UCMP,NA,Mammalia,NA,NA,McKittrick,NA,NA,NA,NA,4,NA
UCMP_241159.0,0.6580131156326186,3.111764426803187,5.0483859873551555,0.7427454920954201,1.6929722595844232,241159,TRUE,UCMP,NA,Mammalia,NA,NA,McKittrick,NA,NA,NA,NA,4,NA
UCMP_241163.0,0.32383538962426545,3.27441883570823,0.7894246708278527,0.42199536932399984,1.2146973491931838,241163,TRUE,UCMP,NA,NA,Camelops,hesternus,McKittrick,NA,NA,NA,NA,4,NA
UCMP_241164.0,0.3162359418351049,3.135753186011109,0.6927660014484426,0.41633284606428145,1.0087318960913927,241164,TRUE,UCMP,NA,NA,Camelops,hesternus,McKittrick,NA,NA,NA,NA,4,NA
UCMP_241165.0,0.28696725128313894,3.318126265904999,0.859975099643883,0.44721307228714763,1.3464899507735242,241165,TRUE,UCMP,NA,NA,Mammut,NA,McKittrick,NA,NA,NA,NA,4,NA
UCMP_241166.0,0.2909926668517097,3.1410924833529794,0.9867638465432614,0.45683854921872075,1.27503384231978,241166,TRUE,UCMP,NA,Proboscidea,NA,NA,McKittrick,7139,check,distal fibula,NA,1,NA
UCMP_241191.0,0.7003846313836801,3.03687100824561,1.4016587811094798,0.6542048104174231,1.3574008031093037,241191,TRUE,UCMP,280009,Hemiauchenia,Hemiauchenia,NA,McKittrick,7139,left,metatarsal,NA,1,NA
UCMP_246020.0,0.290062625941402,3.424393914482097,0.8849774459707634,0.3527961356208352,0.9669192349789658,246020,TRUE,UCMP,NA,NA,Aenocyon,dirus,McKittrick,NA,NA,canine,NA,5,NA
UCMP_246076.0,0.5288630417487888,3.1798389826195836,1.3295912935158745,0.558748328857169,1.2380460668695616,246076,TRUE,UCMP,NA,NA,Aenocyon,dirus,McKittrick,NA,NA,canine,NA,5,NA
UCMP_246097.0,1.0583495994194554,2.9244733718030576,4.312157865249277,0.8141860987419811,1.051907147856368,246097,TRUE,UCMP,NA,Mylodontidae,NA,NA,McKittrick,NA,NA,NA,NA,4,NA
UCMP_246139.0,0.28339024801295265,3.007289218567463,1.082521261401888,0.44427788872080265,1.0248664166613795,246139,TRUE,UCMP,NA,NA,Canis,latrans,McKittrick,NA,NA,NA,NA,3,NA
UCMP_246141.0,0.35887621404115755,3.1740596023288985,1.273127308068142,0.4825622598884668,1.2811249305869545,246141,TRUE,UCMP,NA,NA,Aenocyon,dirus,McKittrick,NA,NA,NA,NA,4,NA
UCMP_246142.0,0.2913111493252652,3.2838668512848583,1.499549149680553,0.36560515437973984,1.0366063343744738,246142,TRUE,UCMP,NA,NA,Aenocyon,dirus,McKittrick,NA,NA,NA,NA,4,NA
UCMP_246143.0,0.25881400152636164,3.3205993318390106,1.2312397379094915,0.3454000472236254,0.9754536613455013,246143,TRUE,UCMP,NA,NA,Aenocyon,dirus,McKittrick,NA,NA,NA,NA,4,NA
UCMP_246144.0,0.2453554993716935,3.3914252883516185,1.1404735062035356,0.36170515239404805,1.0457878885918839,246144,TRUE,UCMP,NA,NA,Aenocyon,dirus,McKittrick,NA,NA,NA,NA,4,NA
UCMP_246145.0,0.32147684285217193,3.2037835536488752,1.442285067770435,0.459688096756681,1.2094333138468032,246145,TRUE,UCMP,NA,NA,Aenocyon,dirus,McKittrick,NA,NA,NA,NA,4,NA
UCMP_246208.0,0.26036508012068116,3.4900236278542627,0.5852018192205289,0.33272960310890054,0.9996549937698546,246208,TRUE,UCMP,NA,NA,Aenocyon,dirus,McKittrick,NA,NA,NA,NA,4,NA
UCMP_246223.0,0.3103753456550217,3.248932706208599,1.3293635077618595,0.42447495500872057,1.144846714313724,246223,TRUE,UCMP,NA,NA,Aenocyon,dirus,McKittrick,NA,NA,NA,NA,4,NA
UCMP_246291.0,0.47489020346982597,3.114087719397182,2.2573820734834467,0.6477764668169413,1.668605665238346,246291,TRUE,UCMP,NA,NA,Antilocapra,americanus,McKittrick,NA,NA,NA,NA,4,NA
UCMP_246457.0,0.34191588202609796,3.4270349094143127,1.0671894024038704,0.4996719613766737,1.473999954623356,246457,TRUE,UCMP,NA,NA,Bison,NA,McKittrick,NA,NA,NA,NA,4,NA
UCMP_246523.0,0.4809575148289113,3.1992911029984645,1.0922541803358743,0.5277876893277373,1.2132690484261568,246523,TRUE,UCMP,NA,NA,Aenocyon,dirus,McKittrick,NA,NA,canine,NA,5,NA
UCMP_246644.0,0.42254031783706386,3.2682695660471057,1.7858791227414144,0.575027191355868,1.3916557305783805,246644,TRUE,UCMP,NA,NA,Aenocyon,dirus,McKittrick,NA,NA,canine,NA,5,NA
UCMP_246721.0,0.3109316828582109,3.335153926633887,1.551259202715083,0.5388488194997049,1.1550261289903858,246721,TRUE,UCMP,NA,NA,Aenocyon,dirus,McKittrick,NA,NA,canine,NA,5,NA
UCMP_246828.0,0.327348704285278,3.3328669853035535,1.0950781296041443,0.44528403298882946,1.0628863608107006,246828,TRUE,UCMP,NA,NA,Canis,latrans,McKittrick,NA,NA,canine,NA,5,NA
UCMP_246838.0,0.5024691416974751,3.1785006082557055,1.3453933946994887,0.6349008846306436,1.2638179335307376,246838,TRUE,UCMP,NA,NA,Canis,latrans,McKittrick,NA,NA,canine,NA,5,NA
UCMP_246839.0,0.3942879750034767,3.1763934847896915,1.2679830090292095,0.5160970575689318,1.1555683196691415,246839,TRUE,UCMP,NA,NA,Canis,latrans,McKittrick,NA,NA,canine,NA,5,NA
UCMP_248003.0,0.5329272901010074,3.1152941447854845,1.2817917639859235,0.5937569044960892,1.3590665262332051,248003,TRUE,UCMP,NA,NA,Canis,latrans,McKittrick,NA,NA,canine,NA,5,NA
UCMP_248812.0,0.9144883782872703,2.922525934268092,1.384510245377128,0.7341788467159246,1.3565241795588214,248812,TRUE,UCMP,NA,NA,Canis,lupus,McKittrick,NA,NA,NA,NA,3,NA
UCMP_248816.0,0.3261798655737612,3.2882458609941,0.6681254635953233,0.4010388681749875,1.0055477623923441,248816,TRUE,UCMP,NA,NA,Canis,lupus,McKittrick,NA,NA,NA,NA,3,NA
UCMP_248821.0,0.3135917876012566,3.1732414560094764,1.59641667313544,0.5372134440850417,1.3875250874293477,248821,TRUE,UCMP,NA,NA,Canis,lupus,McKittrick,NA,NA,NA,NA,3,NA
UCMP_248827.0,0.47737878851236104,3.0170452253597873,1.1198288191784247,0.5521451683481606,1.2582252583394322,248827,TRUE,UCMP,NA,NA,Canis,lupus,McKittrick,NA,NA,NA,NA,3,NA
UCMP_248852.0,0.3544957219727407,2.994372447837391,1.3189165831333993,0.48001533547636005,1.1843160560455763,248852,TRUE,UCMP,NA,NA,Canis,lupus,McKittrick,NA,NA,NA,NA,3,NA
UCMP_248855.0,0.4328767901455979,3.073029550069912,1.0935493874947184,0.4889272476660464,1.350580809947034,248855,TRUE,UCMP,NA,NA,Canis,latrans,McKittrick,NA,NA,NA,NA,3,NA
UCMP_248856.0,0.7337133018801637,3.0465089278799287,1.1995106101179802,0.5444750818825996,0.9681700568628175,248856,TRUE,UCMP,NA,NA,Canis,latrans,McKittrick,NA,NA,NA,NA,3,NA
UCMP_259499,0.8674928011808505,3.1094925639071596,2.1401455539087157,0.7578768247426234,1.3100942034456775,259499,TRUE,UCMP,220366,Smilodon,Smilodon,NA,Rancho La Brea,NA,NA,NA,TRUE,0,NA
UCMP_259501,0.8332684639098383,3.125667156154584,0.8640801669803269,0.6647604988935906,1.0659197911544316,259501,TRUE,UCMP,220368,Smilodon,Smilodon,NA,Rancho La Brea,NA,NA,NA,TRUE,0,NA
UCMP_259507,0.6022494463952118,3.1202193761510917,0.8572386023056228,0.5521266333697579,1.0051454448288604,259507,TRUE,UCMP,220369,Canis,Canis,latrans,Rancho La Brea,NA,NA,NA,TRUE,0,NA
UCMP_259508,0.8161407526914165,2.824022609255882,0.8890646468490582,0.7975929672588841,1.0046339572076644,259508,TRUE,UCMP,220370,Canis,Canis,latrans,Rancho La Brea,NA,NA,NA,TRUE,0,NA
UCMP_259509,0.9435115985859289,2.881417821931462,1.348357189940174,0.8012333426658215,1.2071616631239288,259509,TRUE,UCMP,220371,Canis,Canis,latrans,Rancho La Brea,NA,NA,NA,TRUE,0,NA
UCMP_259515,1.0667223399989318,2.8302929234884613,1.4962446755337315,0.9188350196138867,1.598695209799075,259515,TRUE,UCMP,NA,NA,Equus,occidentalis,McKittrick,NA,NA,NA,NA,4,NA
UCMP_259516,0.7485903464898067,3.072612036314123,0.8265351697459039,0.6112745506735102,1.1778565008764703,259516,TRUE,UCMP,220373,Equus,Equus,NA,Rancho La Brea,NA,NA,NA,TRUE,0,NA
UCMP_259517,0.275482241779711,3.447303009716422,1.0491014512755679,0.390940312190509,1.0434132129180014,259517,TRUE,UCMP,NA,Equus,Equus,NA,Rancho La Brea,NA,NA,NA,FALSE,0,NA
UCMP_259686.0,0.29094985727865885,3.2251922680286595,1.425911138117418,0.4532260759224075,1.2729552313417063,259686,TRUE,UCMP,NA,Proboscidea,NA,NA,McKittrick,NA,NA,NA,NA,4,NA
UCMP_259698.0,0.3069386600288403,3.1284885568160643,2.1187484017196456,0.4307936460366183,1.3284965112904177,259698,TRUE,UCMP,NA,Mammalia,NA,NA,McKittrick,NA,NA,NA,NA,4,NA
UCMP_259703.0,0.3153542542021083,3.1270256738006683,1.8013137303948414,0.4407326810103344,1.3581440223418109,259703,TRUE,UCMP,NA,Mammalia,NA,NA,McKittrick,NA,NA,NA,NA,4,NA
UCMP_27118,0.47541337076566376,3.2829759977568496,1.359568429058849,0.5349321350185041,1.5212249266173152,27118,TRUE,UCMP,NA,Euceratherium,Euceratherium,NA,McKittrick,NA,NA,NA,FALSE,0,NA
UCMP_271213,0.7343845615895696,3.099320139021939,0.7083098038594035,0.6878978732411103,1.303783645661015,271213,TRUE,UCMP,264797,Aenocyon,Aenocyon,dirus,Rancho La Brea,NA,NA,NA,TRUE,0,NA
UCMP_271214,0.7913808192194866,2.944935164334949,0.6005511076606799,0.6577709327406596,1.118797529331755,271214,TRUE,UCMP,264798,Aenocyon,Aenocyon,dirus,Rancho La Brea,NA,NA,NA,TRUE,0,NA
UCMP_271215,1.0484108390357405,3.064774003400543,1.1790724250143645,0.8040726572508036,1.2851697857172146,271215,TRUE,UCMP,264799,Aenocyon,Aenocyon,dirus,Rancho La Brea,NA,NA,NA,TRUE,0,NA
UCMP_271216,1.0013876098210877,2.9852395683487933,1.3710346006260945,0.7710678539623023,1.264742890867668,271216,TRUE,UCMP,264800,Aenocyon,Aenocyon,dirus,Rancho La Brea,NA,NA,NA,TRUE,0,NA
UCMP_271217,0.9301586932933104,3.1079795350380093,1.1563434569395346,0.715070404599104,1.187456386758268,271217,TRUE,UCMP,264801,Aenocyon,Aenocyon,dirus,Rancho La Brea,NA,NA,NA,TRUE,0,NA
UCMP_271219,0.9620507237095193,3.0322270268320515,1.1213251839850225,0.7340003109557395,1.2573765040952893,271219,TRUE,UCMP,264802,Aenocyon,Aenocyon,dirus,Rancho La Brea,NA,NA,NA,TRUE,0,NA
UCMP_271220,0.9478720249697142,3.24603707962085,1.0849464665575186,0.7004382613193592,1.1333916030306013,271220,TRUE,UCMP,265002,Aenocyon,Aenocyon,dirus,Rancho La Brea,NA,NA,NA,TRUE,0,NA
UCMP_271221,0.8503991554544181,3.1720483100539854,1.0565419203107749,0.6742667085850025,1.0774151673453989,271221,TRUE,UCMP,265003,Aenocyon,Aenocyon,dirus,Rancho La Brea,NA,NA,NA,TRUE,0,NA
UCMP_271222,0.7560948229855905,2.9282746066058736,0.5833772442634694,0.7246533087423013,0.9782582735532888,271222,TRUE,UCMP,264807,Aenocyon,Aenocyon,dirus,Rancho La Brea,NA,NA,NA,TRUE,0,NA
UCMP_271223,0.7864959813123658,3.1352372446895695,1.0253869934301694,0.654190282318208,1.2039609423416138,271223,TRUE,UCMP,265004,Aenocyon,Aenocyon,dirus,Rancho La Brea,NA,NA,NA,TRUE,0,NA
UCMP_271224,0.8181986526090951,2.858603155286058,0.5702630793429097,0.7617435090981909,1.2431333969342162,271224,TRUE,UCMP,264809,Aenocyon,Aenocyon,dirus,Rancho La Brea,NA,NA,NA,TRUE,0,NA
UCMP_271225,0.3852709326846896,3.376075215074845,0.906258552077299,0.4448694953794653,1.0988097617411992,271225,TRUE,UCMP,264810,Camelops,Camelops,NA,Rancho La Brea,NA,NA,NA,TRUE,0,NA
UCMP_271226,0.5806895823440558,3.4144914816389886,0.473205293268697,0.5050203587596263,0.8001533934606511,271226,TRUE,UCMP,265005,Camelops,Camelops,NA,Rancho La Brea,NA,NA,NA,TRUE,0,NA
UCMP_271227,0.31859084189494685,4.1442614236917015,0.8185150608756468,0.3481610056909063,0.7889342253785485,271227,TRUE,UCMP,264812,Camelops,Camelops,NA,Rancho La Brea,NA,NA,NA,TRUE,0,NA
UCMP_271228,0.40249733373841434,3.7665719874252788,0.3287583477748773,0.4509740314451087,0.7614248296220317,271228,TRUE,UCMP,NA,Camelops,Camelops,NA,Rancho La Brea,NA,NA,NA,FALSE,0,NA
UCMP_271229,0.32658712258211214,3.2827435993754155,0.5170397440481622,0.3914822872598676,1.0782252643746537,271229,TRUE,UCMP,NA,Camelops,Camelops,NA,Rancho La Brea,NA,NA,NA,FALSE,0,NA
UCMP_271230,0.7134954035504786,3.294532507052417,0.6197910900714767,0.6056970608002925,0.9467007171682064,271230,TRUE,UCMP,265006,Camelops,Camelops,NA,Rancho La Brea,NA,NA,NA,TRUE,0,NA
UCMP_271231,0.6970004401768706,2.9685448403287245,0.7065252162294468,0.6689417700151125,1.252127187096843,271231,TRUE,UCMP,264816,Camelops,Camelops,NA,Rancho La Brea,NA,NA,NA,TRUE,0,NA
UCMP_271232,0.46862339127057295,3.420459219482008,1.3529638265808754,0.5037544856787874,1.1946424160039315,271232,TRUE,UCMP,264817,Camelops,Camelops,NA,Rancho La Brea,NA,NA,NA,TRUE,0,NA
UCMP_271234,0.2843460028652367,4.192109108374094,0.5396056359057814,0.3528169457811529,0.7249764911683272,271234,TRUE,UCMP,NA,Camelops,Camelops,NA,Rancho La Brea,NA,NA,NA,FALSE,0,NA
UCMP_271239.0,0.40132824497123887,3.009676296950545,1.68476446876962,0.5708915015752087,1.4930112550207122,271239,TRUE,UCMP,NA,Camelops,Camelops,NA,McKittrick,7139,left,NA,NA,1,NA
UCMP_271240,0.2929086723953884,3.28446637436007,1.0460038591786698,0.42649516066334875,1.383220470732354,271240,TRUE,UCMP,NA,Camelops,Camelops,NA,McKittrick,NA,NA,NA,FALSE,0,NA
UCMP_271241,0.3348785241570641,3.255274991771348,0.9550728133222453,0.4516846030221428,1.3464061971533903,271241,TRUE,UCMP,NA,Bison,Bison,NA,McKittrick,NA,NA,NA,FALSE,0,NA
UCMP_271242,0.5112705201088609,3.152936123665658,0.771233969759093,0.5232095490292383,1.1812879233783182,271242,TRUE,UCMP,261772,Euceratherium,Euceratherium,NA,McKittrick,NA,NA,NA,TRUE,0,NA
UCMP_271243,0.2937424895003797,3.524912365708943,0.8190494555824849,0.4254123170103846,1.2812644724427387,271243,TRUE,UCMP,NA,Euceratherium,Euceratherium,NA,McKittrick,NA,NA,NA,FALSE,0,NA
UCMP_271244,0.9822348384177133,2.6399656797622795,2.035141686722246,0.8782450722230423,1.1803495293229942,271244,TRUE,UCMP,261773,Artodactyla,NA,NA,McKittrick,NA,NA,NA,TRUE,0,NA
UCMP_271245,0.2668267165206022,3.18115614941187,1.0776191611420387,0.4624584945946659,1.3255248150062549,271245,TRUE,UCMP,NA,Antilocapridae,NA,NA,McKittrick,NA,NA,NA,FALSE,0,NA
UCMP_271246,0.32278203501073416,3.1424025842347074,0.8469004234235036,0.4584785361118248,1.2075710109289293,271246,TRUE,UCMP,NA,Odocoileus,Odocoileus,NA,McKittrick,NA,NA,NA,FALSE,0,NA
UCMP_271247,0.3009843139095,3.1064438210244596,0.7652301301637114,0.4583556083373405,1.2924888148570262,271247,TRUE,UCMP,NA,Odocoileus,Odocoileus,NA,McKittrick,NA,NA,NA,FALSE,0,NA
UCMP_282633.0,0.35570875047654327,2.8006052918228987,0.8355446273982751,0.4542091316666145,0.9089613462136915,282633,TRUE,UCMP,NA,NA,Antilocapra,americanus,McKittrick,NA,NA,NA,NA,2,NA
UCMP_286436.0,0.3510099369998916,2.9218892827195337,1.5128408944999048,0.5496300261056498,1.5279147966199897,286436,TRUE,UCMP,NA,Lepus,Lepus,NA,McKittrick,7139,left,femur,NA,1,NA
UCMP_287162.0,0.6444050394282128,2.8927262252445742,1.0420836387986863,0.670309325655437,1.2818202299864285,287162,TRUE,UCMP,NA,Lepus,Lepus,NA,McKittrick,1370,right,femur,NA,1,NA
UCMP_287164.0,0.8167637214695536,3.1675138997330374,1.2271441203532316,0.705598667509514,1.1937192269321804,287164,TRUE,UCMP,NA,Lepus,Lepus,NA,McKittrick,1370,right,femur,NA,1,NA
UCMP_287165.0,0.8373037915389249,3.039364805256738,1.3408526489452173,0.6525136498636264,1.1003988453640061,287165,TRUE,UCMP,NA,Lepus,Lepus,NA,McKittrick,1370,right,femur,NA,1,NA
UCMP_287166.0,0.892898136463083,2.894114954539327,1.8908283362342277,0.7071852053188734,1.3661370401256796,287166,TRUE,UCMP,NA,Lepus,Lepus,NA,McKittrick,1370,right,femur,NA,1,NA
UCMP_287167.0,0.8809449575507937,2.9784608468384075,1.1939174153587433,0.6997811835623318,1.1962838737930985,287167,TRUE,UCMP,NA,Lepus,Lepus,NA,McKittrick,1370,right,femur,NA,1,NA
UCMP_287168.0,0.8024826174468679,3.098258766924523,1.3820823500603112,0.6275373814080457,1.148703557917863,287168,TRUE,UCMP,NA,Lepus,Lepus,NA,McKittrick,1370,right,femur,NA,1,NA
UCMP_287170.0,0.8615955724566828,2.931611393799656,1.1916587399742344,0.6618650678013628,1.2383233586829718,287170,TRUE,UCMP,280002,Lepus,Lepus,NA,McKittrick,1370,left,femur,NA,1,NA
UCMP_287171.0,1.0333892403181055,2.8489695830163786,1.9019771215904702,0.7939784380644799,1.4033290555421296,287171,TRUE,UCMP,280000,Lepus,Lepus,NA,McKittrick,1370,left,femur,NA,1,NA
UCMP_287172.0,0.40763827545642817,2.960581874432897,1.0848741889624152,0.5916292955620824,1.3361014007415584,287172,TRUE,UCMP,NA,Lepus,Lepus,NA,McKittrick,1370,left,femur,NA,1,NA
UCMP_287173.0,0.5268537192041408,3.1253649608388576,1.3940861278764762,0.5688442465493503,1.0500910314592387,287173,TRUE,UCMP,NA,Lepus,Lepus,NA,McKittrick,1370,right,femur,NA,1,NA
UCMP_287174.0,0.6739048458027818,2.916800349421045,0.9197538115062068,0.5585659230154584,1.200770056396923,287174,TRUE,UCMP,NA,Lepus,Lepus,NA,McKittrick,1370,left,femur,NA,1,NA
UCMP_287174.0,0.6739048458027818,2.916800349421045,0.9197538115062068,0.5585659230154584,1.200770056396923,287174,TRUE,UCMP,NA,Lepus,Lepus,NA,McKittrick,1370,left,femur,NA,1,NA
UCMP_287175.0,0.90135223706214,2.9363153435366196,1.4299818613727429,0.7353922165710146,1.186211797058426,287175,TRUE,UCMP,280001,Lepus,Lepus,NA,McKittrick,1370,left,femur,NA,1,NA
UCMP_287189.0,0.8356921701581281,3.0272605294334376,1.510961680833997,0.6639249687251108,1.1670553857371275,287189,TRUE,UCMP,280003,Lepus,Lepus,NA,McKittrick,1370,left,femur,NA,1,NA
UCMP_287190.0,0.817631242651401,2.7705873179965828,0.9974150301389789,0.6535546450018869,1.1536097213743597,287190,TRUE,UCMP,NA,Lepus,Lepus,NA,McKittrick,1370,left,femur,NA,1,NA
UCMP_287191.0,0.8675522658109652,2.8721189773235825,1.2920294719893188,0.6535286221887004,1.2662510097462374,287191,TRUE,UCMP,NA,Lepus,Lepus,NA,McKittrick,1370,left,femur,NA,1,NA
UCMP_287265.0,0.9675050242935008,3.0816768570215367,1.6743394887453706,0.7749392592356023,1.3540628304691,287265,TRUE,UCMP,NA,NA,Aenocyon,dirus,McKittrick,NA,NA,NA,NA,4,NA
UCMP_287400.0,0.3169312600739625,3.2349320889309485,1.6425184086026383,0.46781829505345635,1.4446744607008482,287400,TRUE,UCMP,NA,NA,Bison,NA,McKittrick,NA,NA,NA,NA,4,NA
UCMP_287403.0,0.715981109282313,2.9870258374370597,2.991343838112799,0.6789295302445275,1.5462442489738641,287403,TRUE,UCMP,NA,NA,Bison,NA,McKittrick,NA,NA,NA,NA,4,NA
UCMP_287457.0,0.36158105464915,3.0295986491334976,2.2006743715587755,0.5316245734008791,1.4751773384096787,287457,TRUE,UCMP,NA,Paramylodon,Paramylodon,NA,McKittrick,7139,NA,broken distal phalanx,NA,1,NA
UCMP_297728.0,0.46582373757009654,3.0644072207816677,2.3817946599573196,0.6563536063512155,1.5748410815332856,297728,TRUE,UCMP,NA,NA,Aenocyon,dirus,McKittrick,NA,NA,NA,NA,4,NA
UCMP_297729.0,0.3636043437908195,3.1490970361041635,2.3531204275013744,0.5570649556607388,1.408252591650409,297729,TRUE,UCMP,NA,NA,Aenocyon,dirus,McKittrick,NA,NA,NA,NA,4,NA
UCMP_297730.0,0.38919621906912105,3.455658133955223,1.1119827445502979,0.48822915663117594,1.182901606719382,297730,TRUE,UCMP,NA,NA,Aenocyon,dirus,McKittrick,NA,NA,NA,NA,4,NA
UCMP_297731.0,0.5826477477843952,3.133306768836775,2.787266541838893,0.7355050385855537,1.6092012281309438,297731,TRUE,UCMP,NA,NA,Aenocyon,dirus,McKittrick,NA,NA,NA,NA,4,NA
UCMP_299848.0,0.47344453925412083,3.093033588660236,1.3628247257640216,0.5459736715391141,1.4391580611167696,299848,TRUE,UCMP,NA,NA,Canis,latrans,McKittrick,NA,NA,NA,NA,2,NA
UCMP_299849.0,0.6240722540467147,3.0390813466643767,1.1716218325294823,0.5858227637126555,1.414582310377523,299849,TRUE,UCMP,NA,NA,Canis,latrans,McKittrick,NA,NA,NA,NA,2,NA
UCMP_31035,0.321148745281546,3.266000650680665,0.6504906380807689,0.323058762733042,1.0758113242759233,31035,TRUE,UCMP,NA,Odocoileus,Odocoileus,NA,McKittrick,NA,NA,NA,NA,3,NA
UCMP_33120,0.2848331534733487,3.300709564372029,1.106816447839464,0.5180374566303643,1.357488758326016,33120,TRUE,UCMP,NA,Mammut,Mammut,NA,McKittrick,NA,NA,NA,FALSE,0,NA
NA,NA,NA,NA,NA,NA,154250,TRUE,UCMP,NA,Gopherus,Gopherus,NA,McKittrick,NA,NA,NA,FALSE,0,NA
NA,NA,NA,NA,NA,NA,153245,TRUE,UCMP,NA,Arctodus simus,Arctodus,simus,McKittrick,NA,NA,NA,TRUE,0,[@fox-dobbs2014]
NA,NA,NA,NA,NA,NA,153241,TRUE,UCMP,NA,Panthera atrox,Panthera,atrox,McKittrick,NA,NA,NA,TRUE,0,[@fox-dobbs2014]
NA,NA,NA,NA,NA,NA,149258,TRUE,UCMP,NA,Teratornis merriami,Teratornis,merriami,McKittrick,NA,NA,NA,TRUE,0,[@fox-dobbs2006]
NA,NA,NA,NA,NA,NA,259500,TRUE,UCMP,220367,Smilodon,Smilodon,NA,Rancho La Brea,NA,NA,NA,TRUE,0,NA
NA,NA,NA,NA,NA,NA,287459,TRUE,UCMP,NA,Camelops,Camelops,NA,McKittrick,7139,right,femur distal,NA,1,NA
NA,NA,NA,NA,NA,NA,248858,TRUE,UCMP,NA,NA,Canis,lupus,McKittrick,NA,NA,NA,NA,3,NA
NA,NA,NA,NA,NA,NA,248871,TRUE,UCMP,NA,NA,Canis,latrans,McKittrick,NA,NA,NA,NA,3,NA
NA,NA,NA,NA,NA,NA,287288,TRUE,UCMP,NA,NA,Canis,latrans,McKittrick,NA,NA,NA,NA,3,NA
NA,NA,NA,NA,NA,NA,236577,TRUE,UCMP,NA,Paramylodon,Paramylodon,NA,McKittrick,7139,NA,ossicles,NA,1,NA
